City,Cloudiness,Country,Date,Humidity,Lat,Lng,Max Temp,Wind Speed
Airai,0,TL,2019-01-09,93,-8.93,125.41,20.37,0.96
Margate,20,AU,2019-01-09,58,-43.03,147.26,13.0,7.2
Pimenta Bueno,64,BR,2019-01-09,82,-11.68,-61.19,26.77,1.31
Arraial do Cabo,0,BR,2019-01-09,65,-22.97,-42.02,31.0,15.4
Belaya Gora,32,RU,2019-01-09,60,68.54,146.19,-36.39,1.31
Albany,90,US,2019-01-09,78,42.65,-73.75,3.9,9.3
Saint-Georges,88,CA,2019-01-09,83,46.12,-70.67,0.49,2.76
Kavieng,20,PG,2019-01-09,100,-2.57,150.8,28.99,3.06
Butaritari,92,KI,2019-01-09,100,3.07,172.79,28.79,6.81
Pevek,0,RU,2019-01-09,57,69.7,170.27,-20.89,5.21
Bulgan,0,MN,2019-01-09,50,48.81,103.53,-24.49,1.16
Boguchany,80,RU,2019-01-09,80,58.38,97.46,-5.89,4.16
Turukhansk,56,RU,2019-01-09,61,65.8,87.96,-25.31,3.76
Chokurdakh,0,RU,2019-01-09,56,70.62,147.9,-35.66,0.71
Vao,92,EE,2019-01-09,95,59.1,26.19,-3.26,1.56
Punta Arenas,0,CL,2019-01-09,35,-53.16,-70.91,14.0,12.9
Dikson,48,RU,2019-01-09,100,73.51,80.55,-25.14,4.21
Port Alfred,56,ZA,2019-01-09,84,-33.59,26.89,22.69,7.26
Rikitea,76,PF,2019-01-09,96,-23.12,-134.97,26.89,6.26
Jamestown,12,AU,2019-01-09,63,-33.21,138.6,11.64,3.06
Ostrovnoy,0,RU,2019-01-09,70,68.05,39.51,-23.59,1.36
Srednekolymsk,76,RU,2019-01-09,46,67.46,153.71,-33.76,1.41
Naze,0,NG,2019-01-09,43,5.43,7.07,31.27,1.76
Cape Town,20,ZA,2019-01-09,68,-33.93,18.42,20.0,7.7
Touros,80,BR,2019-01-09,78,-5.2,-35.46,28.37,5.11
Ambulu,76,ID,2019-01-09,100,-8.35,113.61,25.87,0.41
Bowen,75,AU,2019-01-09,94,-20.01,148.25,25.0,4.1
Ushuaia,75,AR,2019-01-09,61,-54.81,-68.31,12.0,12.9
Tautira,40,PF,2019-01-09,78,-17.73,-149.15,28.0,4.6
Kapaa,75,US,2019-01-09,93,22.08,-159.32,19.4,3.6
Sibolga,80,ID,2019-01-09,98,1.74,98.78,21.12,0.76
Ribeira Grande,75,PT,2019-01-09,88,38.52,-28.7,18.0,11.8
Port Macquarie,75,AU,2019-01-09,94,-31.43,152.91,21.0,1.01
Vila Velha,75,BR,2019-01-09,83,-3.71,-38.6,28.0,4.6
Plettenberg Bay,48,ZA,2019-01-09,100,-34.05,23.37,19.59,4.36
Bambous Virieux,40,MU,2019-01-09,78,-20.34,57.76,27.0,5.7
Vardo,90,US,2019-01-09,78,39.62,-77.74,7.0,7.2
Hilo,1,US,2019-01-09,75,19.71,-155.08,18.9,2.6
Hithadhoo,92,MV,2019-01-09,100,-0.6,73.08,25.79,4.96
Sao Joao do Piaui,68,BR,2019-01-09,54,-8.36,-42.25,30.52,2.91
Henties Bay,0,NA,2019-01-09,93,-22.12,14.28,17.89,4.11
Tasiilaq,0,GL,2019-01-09,61,65.61,-37.64,-9.0,13.9
Puerto Ayora,20,EC,2019-01-09,61,-0.74,-90.35,28.0,3.6
Hofn,90,IS,2019-01-09,93,64.25,-15.21,7.0,3.6
Chadiza,56,ZM,2019-01-09,67,-14.06,32.43,24.87,2.46
Nikolskoye,90,RU,2019-01-09,92,59.7,30.79,-5.0,2.0
Sao Joao da Barra,0,BR,2019-01-09,55,-21.64,-41.05,30.0,9.3
Sijunjung,76,ID,2019-01-09,96,-0.69,100.95,20.92,0.56
Olga,1,US,2019-01-09,64,34.11,-118.17,16.1,1.16
Salalah,20,OM,2019-01-09,65,17.01,54.1,25.0,2.1
Bilma,0,NE,2019-01-09,31,18.69,12.92,13.42,2.66
San Cristobal,75,EC,2019-01-09,40,-0.39,-78.55,21.0,2.1
Faanui,80,PF,2019-01-09,100,-16.48,-151.75,27.62,4.81
Hobart,20,AU,2019-01-09,58,-42.88,147.33,13.0,7.2
Gravdal,20,NO,2019-01-09,74,59.79,5.78,2.0,1.5
Nizhnyaya Tavda,44,RU,2019-01-09,84,57.67,66.17,-16.01,3.21
Mastic Beach,1,US,2019-01-09,45,40.77,-72.85,8.3,10.3
Mahon,75,IE,2019-01-09,100,51.89,-8.4,9.0,1.5
Waipawa,56,NZ,2019-01-09,62,-39.94,176.59,18.89,4.11
Busselton,0,AU,2019-01-09,100,-33.64,115.35,18.29,5.41
Fairview,75,US,2019-01-09,52,40.81,-74.0,7.8,8.7
Plouzane,75,FR,2019-01-09,75,48.38,-4.62,7.0,2.1
Yellowknife,20,CA,2019-01-09,66,62.45,-114.38,-34.0,2.1
Guane,36,CU,2019-01-09,71,22.2,-84.09,27.27,1.41
Aquiraz,75,BR,2019-01-09,83,-3.9,-38.39,28.0,4.6
Erseke,92,AL,2019-01-09,100,40.34,20.68,-0.74,0.51
Saint George,90,GR,2019-01-09,92,39.45,22.34,3.0,1.46
Upernavik,44,GL,2019-01-09,99,72.79,-56.15,-16.71,13.86
Kuusamo,75,FI,2019-01-09,92,65.96,29.19,-12.0,1.5
Mount Gambier,12,AU,2019-01-09,93,-37.83,140.78,7.0,2.1
Severo-Kurilsk,12,RU,2019-01-09,100,50.68,156.12,-8.09,3.56
Menongue,68,AO,2019-01-09,43,-14.66,17.68,24.62,1.06
Hermanus,92,ZA,2019-01-09,91,-34.42,19.24,17.64,1.56
Saint-Pierre,0,FR,2019-01-09,81,48.95,4.24,2.0,6.7
Leshukonskoye,88,RU,2019-01-09,70,64.9,45.76,-13.81,2.01
Mataura,88,NZ,2019-01-09,97,-46.19,168.86,11.89,2.21
Ozd,90,RO,2019-01-09,85,46.36,24.12,-4.0,2.1
Bredasdorp,92,ZA,2019-01-09,73,-34.53,20.04,22.0,3.6
Sorland,40,NO,2019-01-09,100,67.67,12.69,1.0,6.7
Xapuri,75,BR,2019-01-09,74,-10.65,-68.5,28.0,6.2
Lorengau,36,PG,2019-01-09,100,-2.02,147.27,28.19,3.21
Kindu,32,CD,2019-01-09,89,-2.95,25.92,23.62,0.31
Rantoul,90,US,2019-01-09,60,40.31,-88.16,-2.8,8.2
Saskylakh,12,RU,2019-01-09,0,71.97,114.09,-40.99,3.01
Barrow,0,AR,2019-01-09,60,-38.31,-60.23,23.19,6.66
Los Llanos de Aridane,40,ES,2019-01-09,63,28.66,-17.92,19.0,2.6
Cedar City,1,US,2019-01-09,51,37.68,-113.06,7.8,5.1
Inuvik,75,CA,2019-01-09,66,68.36,-133.71,-36.0,1.0
Lucea,20,JM,2019-01-09,69,18.44,-78.17,27.0,3.6
Talnakh,8,RU,2019-01-09,40,69.49,88.39,-32.66,1.21
Vaini,0,IN,2019-01-09,70,15.34,74.49,17.42,1.81
Ilulissat,40,GL,2019-01-09,77,69.22,-51.1,-19.0,7.7
Chalmette,1,US,2019-01-09,37,29.94,-89.96,15.6,6.7
Bluff,92,AU,2019-01-09,96,-23.58,149.07,21.19,4.76
Venado Tuerto,32,AR,2019-01-09,100,-33.75,-61.97,24.24,2.71
Manicore,90,BR,2019-01-09,94,-5.81,-61.3,24.0,1.0
Scarborough,68,GB,2019-01-09,86,54.28,-0.41,3.0,2.6
Suffolk,40,US,2019-01-09,34,36.73,-76.58,12.2,7.2
East London,20,ZA,2019-01-09,83,-33.02,27.91,22.0,3.6
Chaman,32,AF,2019-01-09,70,30.92,66.46,0.64,1.76
Dumas,0,IN,2019-01-09,96,21.09,72.71,21.17,6.06
Olinda,40,EC,2019-01-09,62,-2.03,-79.75,31.0,3.1
Bethel,90,US,2019-01-09,82,60.79,-161.76,-19.4,10.3
Avarua,75,CK,2019-01-09,69,-21.21,-159.78,26.0,1.5
Obo,0,CF,2019-01-09,76,5.39,26.49,21.19,1.21
Mega,24,ET,2019-01-09,31,4.06,38.32,20.59,3.86
Chuy,100,UY,2019-01-09,100,-33.69,-53.46,21.77,4.61
Buritizeiro,24,BR,2019-01-09,31,-17.37,-44.96,32.69,4.76
Opuwo,20,NA,2019-01-09,18,-18.06,13.84,27.19,4.66
Esperance,40,TT,2019-01-09,54,10.24,-61.45,29.0,5.7
Tikapur,0,NP,2019-01-09,72,28.53,81.12,7.09,1.66
Nishihara,20,JP,2019-01-09,41,35.74,139.53,4.0,4.6
Teguise,20,ES,2019-01-09,72,29.06,-13.56,18.0,3.6
Padang,40,ID,2019-01-09,94,-0.92,100.36,26.0,2.1
Karratha,0,AU,2019-01-09,62,-20.74,116.85,27.04,3.26
Qaanaaq,44,GL,2019-01-09,96,77.48,-69.36,-22.71,1.86
Viedma,76,AR,2019-01-09,34,-40.81,-62.99,20.89,6.01
Iki-Burul,92,RU,2019-01-09,92,45.82,44.65,-7.0,2.0
Kodiak,1,US,2019-01-09,65,39.95,-94.76,0.6,5.1
Kingston,90,CA,2019-01-09,80,44.23,-76.48,1.0,7.7
Mayumba,92,GA,2019-01-09,100,-3.44,10.65,25.34,3.01
Calvinia,0,ZA,2019-01-09,52,-31.47,19.78,18.67,5.31
High Level,56,CA,2019-01-09,68,58.52,-117.13,-26.59,1.26
Sept-Iles,90,CA,2019-01-09,79,50.2,-66.38,-4.0,7.2
Ponta do Sol,36,BR,2019-01-09,68,-20.63,-46.0,28.14,3.61
Mahebourg,40,MU,2019-01-09,78,-20.41,57.7,27.0,5.7
Lavrentiya,8,RU,2019-01-09,96,65.58,-170.99,-17.51,11.26
Peniche,0,PT,2019-01-09,87,39.36,-9.38,15.0,2.1
Olean,90,US,2019-01-09,100,42.08,-78.43,-3.9,5.1
Tuatapere,0,NZ,2019-01-09,100,-46.13,167.69,11.94,5.11
Iquique,20,CL,2019-01-09,65,-20.22,-70.14,25.0,5.7
El Seibo,40,DO,2019-01-09,69,18.76,-69.04,30.0,3.6
Port Elizabeth,75,US,2019-01-09,47,39.31,-74.98,8.3,8.2
Atuona,68,PF,2019-01-09,100,-9.8,-139.03,27.34,7.46
Champerico,75,MX,2019-01-09,57,16.38,-93.6,24.0,6.7
Alugan,8,PH,2019-01-09,94,12.22,125.48,25.62,7.81
Moree,0,AU,2019-01-09,64,-29.46,149.84,23.0,3.1
Namwala,24,ZM,2019-01-09,70,-15.75,26.45,25.12,1.96
West Wendover,1,US,2019-01-09,71,40.74,-114.07,0.6,2.6
Las Matas de Farfan,44,DO,2019-01-09,43,18.87,-71.52,26.42,1.41
Inirida,56,CO,2019-01-09,80,3.87,-67.92,26.92,1.81
Mar del Plata,88,AR,2019-01-09,49,-46.43,-67.52,14.69,4.96
Fortuna,0,ES,2019-01-09,54,38.18,-1.13,13.0,3.6
Cherskiy,12,RU,2019-01-09,30,68.75,161.3,-29.14,1.01
Shimoda,8,JP,2019-01-09,100,34.7,138.93,10.84,4.31
New Norfolk,20,AU,2019-01-09,58,-42.78,147.06,13.0,7.2
Lebu,0,ET,2019-01-09,35,8.96,38.73,14.0,5.1
Buala,32,SB,2019-01-09,94,-8.15,159.59,27.29,3.36
Trairi,88,BR,2019-01-09,100,-3.28,-39.27,24.99,5.91
Alofi,80,NU,2019-01-09,94,-19.06,-169.92,26.0,0.5
Khandyga,8,RU,2019-01-09,0,62.65,135.58,-42.61,1.16
Swan Hill,0,AU,2019-01-09,57,-35.34,143.56,13.79,4.51
Godhra,0,IN,2019-01-09,61,22.78,73.62,13.92,3.66
Husavik,0,CA,2019-01-09,86,50.56,-96.99,-15.16,3.86
Novikovo,44,UA,2019-01-09,100,45.05,34.56,-0.71,4.81
Zalantun,0,CN,2019-01-09,63,48.0,122.72,-11.71,2.56
Limon,1,US,2019-01-09,28,39.26,-103.69,7.2,5.7
Broome,40,GB,2019-01-09,86,52.47,1.45,5.0,3.1
Bradford,20,GB,2019-01-09,80,53.79,-1.75,3.0,3.6
Khatanga,48,RU,2019-01-09,61,71.98,102.47,-29.49,1.76
Gillette,1,US,2019-01-09,60,44.29,-105.5,-1.1,9.8
Pisco,0,PE,2019-01-09,30,-13.71,-76.2,22.0,8.7
Aykhal,44,RU,2019-01-09,52,65.95,111.51,-28.49,1.31
Pavlogradka,64,RU,2019-01-09,84,54.2,73.56,-16.06,4.56
Xuddur,0,SO,2019-01-09,42,4.12,43.89,24.52,3.56
Inhumas,40,BR,2019-01-09,42,-16.36,-49.5,30.0,5.1
Vanimo,88,PG,2019-01-09,100,-2.67,141.3,28.14,7.71
Shestakovo,80,RU,2019-01-09,65,56.49,103.96,-8.21,2.81
Guarapari,0,BR,2019-01-09,87,-20.67,-40.5,27.29,5.21
Hirara,92,JP,2019-01-09,100,24.8,125.28,21.64,8.61
Rome,40,IT,2019-01-09,75,41.89,12.48,9.0,1.5
Bambanglipuro,64,ID,2019-01-09,99,-7.95,110.28,23.17,1.21
Kitimat,90,CA,2019-01-09,85,54.02,-128.69,-4.0,10.3
Rudnichnyy,36,RU,2019-01-09,70,59.7,60.29,-23.51,1.11
Price,1,US,2019-01-09,95,39.6,-110.81,-3.3,0.71
Ola,80,RU,2019-01-09,100,59.58,151.3,-10.64,9.91
Tahoua,0,NE,2019-01-09,10,14.89,5.26,26.0,3.1
Zhuhai,0,CN,2019-01-09,65,40.71,112.04,-16.0,2.0
Uvat,24,RU,2019-01-09,68,59.14,68.9,-20.51,3.31
Kisanga,24,CD,2019-01-09,93,-11.72,27.4,19.84,1.56
Sitka,0,US,2019-01-09,34,37.17,-99.65,8.74,2.76
Zyryanka,68,RU,2019-01-09,66,65.73,150.89,-30.34,1.61
Cidreira,76,BR,2019-01-09,76,-30.17,-50.22,29.42,4.66
Koumac,8,NC,2019-01-09,97,-20.56,164.28,22.52,2.21
Luderitz,0,NA,2019-01-09,78,-26.65,15.16,17.52,5.71
Kalianget,12,ID,2019-01-09,96,-7.35,109.91,19.87,0.51
Yayva,88,RU,2019-01-09,79,59.33,57.26,-11.89,1.46
Vestmanna,92,FO,2019-01-09,100,62.16,-7.17,9.0,4.6
Carlyle,90,CA,2019-01-09,71,49.63,-102.27,-15.0,5.7
Port Hardy,90,CA,2019-01-09,87,50.7,-127.42,6.0,11.3
Kaitangata,92,NZ,2019-01-09,98,-46.28,169.85,11.92,2.66
Rock Sound,0,BS,2019-01-09,100,24.9,-76.2,25.09,5.76
Mulungu,64,BR,2019-01-09,76,-4.3,-38.99,26.34,1.96
Oussouye,0,SN,2019-01-09,37,12.49,-16.54,32.0,2.1
Nogliki,20,RU,2019-01-09,100,51.8,143.14,-16.91,7.06
Castro,40,CL,2019-01-09,54,-42.48,-73.76,13.0,3.1
Georgetown,64,GY,2019-01-09,72,6.8,-58.16,28.29,3.86
Taremskoye,0,RU,2019-01-09,84,55.93,43.04,-15.0,4.0
Luchegorsk,0,RU,2019-01-09,48,46.44,134.3,-19.09,1.96
Iqaluit,40,CA,2019-01-09,68,63.75,-68.52,-27.0,7.2
Black River,20,JM,2019-01-09,69,18.03,-77.85,27.0,3.6
Araouane,0,ML,2019-01-09,25,18.9,-3.53,21.09,2.26
Kasongo-Lunda,76,CD,2019-01-09,95,-6.48,16.82,21.09,1.06
Jumla,0,NP,2019-01-09,90,29.28,82.18,-10.96,0.96
Guerrero Negro,80,MX,2019-01-09,57,27.97,-114.04,19.44,1.81
Todos Santos,5,MX,2019-01-09,36,23.45,-110.23,26.0,1.0
Baykit,64,RU,2019-01-09,79,61.68,96.39,-16.14,1.56
Hasaki,20,JP,2019-01-09,68,35.73,140.83,-3.0,1.0
Ahipara,32,NZ,2019-01-09,100,-35.17,173.16,16.17,1.81
Lewistown,1,US,2019-01-09,59,40.39,-90.15,-2.8,8.2
Kruisfontein,36,ZA,2019-01-09,93,-34.0,24.73,19.04,1.86
Selje,75,NO,2019-01-09,100,62.05,5.35,3.0,6.2
Port Lincoln,56,AU,2019-01-09,100,-34.72,135.86,15.94,4.46
Oktyabrskoye,75,RU,2019-01-09,85,56.73,85.44,-8.0,7.0
Gazanjyk,32,TM,2019-01-09,85,39.24,55.52,0.02,1.31
Caravelas,92,BR,2019-01-09,99,-17.73,-39.27,27.04,6.36
Santo Antonio do Sudoeste,76,BR,2019-01-09,61,-26.07,-53.73,30.77,2.41
Laguna,75,MX,2019-01-09,60,27.52,-110.01,20.0,3.1
Berlevag,20,NO,2019-01-09,54,70.86,29.09,-2.0,12.9
Cabo San Lucas,5,MX,2019-01-09,53,22.89,-109.91,26.0,1.5
Yuanping,8,CN,2019-01-09,59,38.72,112.71,-16.56,1.06
Axim,0,GH,2019-01-09,97,4.87,-2.24,28.92,4.91
Thompson,5,CA,2019-01-09,75,55.74,-97.86,-27.0,1.5
Peace River,75,CA,2019-01-09,70,56.23,-117.29,-21.0,5.7
Rio Gallegos,40,AR,2019-01-09,27,-51.62,-69.22,17.0,6.7
Isla Aguada,75,MX,2019-01-09,78,18.78,-91.49,25.0,4.1
Chateaubelair,40,VC,2019-01-09,78,13.28,-61.25,29.0,3.6
Necochea,8,AR,2019-01-09,85,-38.55,-58.74,21.12,6.36
Torbay,90,CA,2019-01-09,79,47.66,-52.73,-4.0,6.7
San Patricio,32,PY,2019-01-09,62,-26.98,-56.83,32.04,4.46
Ternuvate,75,UA,2019-01-09,92,47.83,36.13,-6.0,4.0
Doctor Mora,75,MX,2019-01-09,47,21.14,-100.32,15.0,7.7
Ust-Kuyga,44,RU,2019-01-09,0,70.0,135.55,-43.49,1.66
Punta Alta,75,AR,2019-01-09,52,-27.46,-55.82,34.0,5.1
Melbu,75,NO,2019-01-09,69,68.5,14.83,3.0,2.1
Sulangan,20,PH,2019-01-09,98,11.14,123.72,26.92,10.76
Lata,0,IN,2019-01-09,100,30.78,78.62,-2.84,1.01
Lompoc,90,US,2019-01-09,80,34.64,-120.46,16.0,5.7
Maxixe,40,MZ,2019-01-09,79,-23.86,35.35,29.0,3.1
Makokou,44,GA,2019-01-09,83,0.56,12.85,25.44,0.86
Namatanai,32,PG,2019-01-09,100,-3.66,152.44,27.99,4.21
Sabang,88,PH,2019-01-09,85,13.72,123.58,25.67,7.26
Kharhial,0,IN,2019-01-09,84,20.28,82.77,9.99,1.16
Svetlaya,0,RU,2019-01-09,100,46.54,138.33,-5.89,5.76
Grafton,40,AU,2019-01-09,88,-29.69,152.93,22.0,1.0
Gao,0,ML,2019-01-09,25,16.28,-0.04,23.02,1.76
Xinan,40,CN,2019-01-09,77,22.55,113.89,18.0,2.6
Ortigueira,20,ES,2019-01-09,71,43.68,-7.85,10.0,4.6
Souillac,0,FR,2019-01-09,70,45.6,-0.6,6.0,3.1
Niquelandia,0,BR,2019-01-09,45,-14.47,-48.46,31.92,3.81
Trebisov,90,SK,2019-01-09,79,48.63,21.72,-4.0,2.6
La Ronge,75,CA,2019-01-09,75,55.1,-105.3,-25.0,3.1
Tarnos,90,FR,2019-01-09,87,43.54,-1.46,7.0,1.0
Saint-Philippe,90,CA,2019-01-09,80,45.36,-73.48,1.0,4.1
Yongan,0,CN,2019-01-09,63,39.7,113.69,-19.16,1.16
Grand Gaube,40,MU,2019-01-09,78,-20.01,57.66,27.0,5.7
Tuktoyaktuk,20,CA,2019-01-09,65,69.44,-133.03,-38.0,1.0
Fort Smith,1,US,2019-01-09,29,35.39,-94.42,11.0,2.1
Muscat,0,OM,2019-01-09,78,23.6,58.55,23.0,1.0
Tiksi,8,RU,2019-01-09,0,71.64,128.87,-38.99,1.71
Taloqan,92,AF,2019-01-09,76,36.74,69.54,-2.61,1.21
College,90,US,2019-01-09,67,64.86,-147.8,-20.6,1.26
Saldanha,0,PT,2019-01-09,94,41.42,-6.55,2.52,1.31
Santa Maria,56,BR,2019-01-09,100,-29.69,-53.81,26.34,6.61
Muros,20,ES,2019-01-09,75,42.77,-9.06,12.0,4.6
Samana,0,EC,2019-01-09,69,0.12,-76.97,28.0,1.0
La Macarena,48,CO,2019-01-09,55,2.18,-73.79,29.39,1.06
Upata,20,VE,2019-01-09,49,8.02,-62.41,30.34,3.86
Akhnur,0,IN,2019-01-09,76,32.87,74.73,10.0,1.56
Victoria,75,BN,2019-01-09,88,5.28,115.24,28.0,1.5
Tarpon Springs,1,US,2019-01-09,43,28.15,-82.76,23.0,3.6
Sao Filipe,0,CV,2019-01-09,87,14.9,-24.5,24.02,5.71
Aguimes,0,ES,2019-01-09,68,27.91,-15.45,18.0,4.6
Ubinskoye,56,RU,2019-01-09,82,55.31,79.68,-14.64,6.06
Vostok,48,RU,2019-01-09,71,46.45,135.83,-14.84,2.11
Mitsamiouli,20,KM,2019-01-09,74,-11.38,43.28,29.0,1.0
Panaba,56,MX,2019-01-09,85,21.28,-88.27,25.79,2.51
Roswell,1,US,2019-01-09,36,33.39,-104.52,9.0,5.1
Angoche,76,MZ,2019-01-09,100,-16.23,39.91,26.27,3.36
Clyde River,20,CA,2019-01-09,75,70.47,-68.59,-28.0,2.1
Nome,1,US,2019-01-09,32,30.04,-94.42,16.7,5.7
Rawson,40,AR,2019-01-09,39,-43.3,-65.11,17.0,4.6
Niihama,44,JP,2019-01-09,100,33.96,133.28,3.49,0.96
San Juan,20,PH,2019-01-09,74,14.6,121.03,26.0,2.1
Mulanje,24,MW,2019-01-09,90,-16.03,35.5,23.34,1.36
Yagodnoye,48,RU,2019-01-09,68,62.52,149.63,-31.86,0.46
Shanhetun,0,CN,2019-01-09,50,44.7,127.2,-9.74,7.16
Acurenam,64,GA,2019-01-09,93,1.03,10.67,22.99,1.01
Constitucion,5,MX,2019-01-09,25,23.99,-104.67,19.0,1.0
Nobeoka,68,JP,2019-01-09,68,32.66,131.66,1.27,1.06
Rokiskis,56,LT,2019-01-09,85,55.97,25.58,-10.01,3.71
Taoudenni,0,ML,2019-01-09,26,22.68,-3.98,16.77,3.06
Mazagao,75,BR,2019-01-09,88,-0.12,-51.29,27.0,5.7
Uong Bi,90,VN,2019-01-09,100,21.03,106.78,15.0,2.1
Kyabe,0,TD,2019-01-09,33,9.45,18.94,26.04,2.41
Lima,0,PE,2019-01-09,65,-12.06,-77.04,28.0,5.7
Cayenne,92,GF,2019-01-09,88,4.94,-52.33,25.0,4.6
Carballo,20,ES,2019-01-09,71,43.21,-8.69,10.0,4.6
Vila Franca do Campo,40,PT,2019-01-09,82,37.72,-25.43,16.0,9.3
Batagay,64,RU,2019-01-09,0,67.65,134.64,-43.34,1.46
Colac,0,AU,2019-01-09,99,-38.34,143.59,9.09,1.01
Vila,0,IT,2019-01-09,26,45.18,8.4,6.0,4.6
Visby,75,SE,2019-01-09,74,57.64,18.3,2.0,7.7
Chicama,75,PE,2019-01-09,78,-7.84,-79.15,26.0,4.6
Katsuura,20,JP,2019-01-09,74,33.93,134.5,1.0,3.6
Fergus Falls,1,US,2019-01-09,71,46.28,-96.08,-14.0,5.1
Tura,32,IN,2019-01-09,80,25.52,90.21,11.52,1.41
Exeter,0,GB,2019-01-09,89,50.73,-3.53,3.0,1.5
Aldan,56,RU,2019-01-09,64,58.61,125.39,-16.64,3.06
Narsaq,0,GL,2019-01-09,64,60.91,-46.05,-16.66,2.21
Atyrau,90,KZ,2019-01-09,100,47.1,51.92,-9.0,6.0
Corinto,0,BR,2019-01-09,39,-18.36,-44.46,31.64,3.66
Carnarvon,0,ZA,2019-01-09,26,-30.97,22.13,25.14,4.71
Waingapu,32,ID,2019-01-09,99,-9.65,120.26,22.87,1.61
Uribia,76,CO,2019-01-09,40,11.71,-72.27,31.59,5.36
Bloomingdale,90,US,2019-01-09,57,41.96,-88.08,-5.7,5.1
Soyo,92,AO,2019-01-09,100,-6.13,12.37,23.14,1.36
Ha Tinh,44,VN,2019-01-09,100,18.33,105.9,18.84,9.01
Rocha,92,UY,2019-01-09,99,-34.48,-54.34,23.59,2.51
Jinzhou,44,CN,2019-01-09,48,41.11,121.12,-12.16,2.26
Bunia,0,CD,2019-01-09,84,1.56,30.25,18.49,0.31
Yerbogachen,76,RU,2019-01-09,73,61.28,108.01,-16.21,2.36
Labuhan,8,ID,2019-01-09,98,-2.54,115.51,21.99,0.51
Geraldton,90,CA,2019-01-09,70,49.72,-86.95,-17.0,5.7
Omaha,1,US,2019-01-09,49,41.26,-95.94,-1.0,5.7
Half Moon Bay,75,US,2019-01-09,93,37.46,-122.43,16.1,6.7
Lora del Rio,0,ES,2019-01-09,66,37.66,-5.53,11.0,0.5
Bathsheba,40,BB,2019-01-09,66,13.22,-59.52,29.0,7.7
Westport,90,IE,2019-01-09,100,53.8,-9.52,9.0,3.1
Mtwara,88,TZ,2019-01-09,96,-10.28,40.18,28.79,4.91
Ampanihy,92,MG,2019-01-09,98,-24.69,44.75,22.19,0.71
Coquimbo,0,CL,2019-01-09,56,-29.95,-71.34,21.0,7.2
Inverell,12,AU,2019-01-09,88,-29.78,151.11,14.69,1.06
Leningradskiy,0,RU,2019-01-09,95,69.38,178.42,-22.01,10.41
Ambilobe,92,MG,2019-01-09,100,-13.19,49.05,21.94,2.01
Klaksvik,64,FO,2019-01-09,100,62.23,-6.59,9.0,4.6
Krasnyy Oktyabr,44,RU,2019-01-09,83,56.12,38.88,-13.66,4.06
Lyuban,64,BY,2019-01-09,83,52.8,28.0,-11.46,3.01
Quarai,92,BR,2019-01-09,100,-30.39,-56.45,23.39,4.66
Kharan,0,PK,2019-01-09,80,28.58,65.42,7.77,0.91
Hit,0,IQ,2019-01-09,64,33.64,42.83,5.59,3.31
Kefamenanu,0,ID,2019-01-09,96,-9.45,124.48,19.69,0.31
Mollendo,20,PE,2019-01-09,54,-17.03,-72.02,24.87,1.81
Yenagoa,0,NG,2019-01-09,42,4.92,6.26,29.64,2.91
Moose Factory,90,CA,2019-01-09,85,51.26,-80.61,-9.0,4.6
Luganville,0,VU,2019-01-09,100,-15.51,167.18,26.17,2.66
Boende,32,CD,2019-01-09,87,-0.28,20.88,25.27,1.01
Kozhva,24,RU,2019-01-09,46,65.11,57.05,-26.31,1.81
Matara,40,PE,2019-01-09,44,-13.74,-72.9,16.0,5.7
Viking,44,CA,2019-01-09,82,53.1,-111.78,-16.64,5.26
Shahrud,0,IR,2019-01-09,78,36.42,54.97,-5.01,2.46
Prince Rupert,90,CA,2019-01-09,86,54.32,-130.32,4.0,3.6
Lafia,0,NG,2019-01-09,29,8.5,8.51,27.62,2.86
Khasan,8,RU,2019-01-09,64,42.43,130.64,-3.76,5.01
Kailua,75,US,2019-01-09,100,21.39,-157.74,22.2,2.1
Hwange,0,ZW,2019-01-09,62,-18.35,26.5,26.59,2.51
Ouallam,0,NE,2019-01-09,23,14.32,2.08,22.87,2.41
Bima,8,ID,2019-01-09,100,-8.45,118.73,23.62,1.21
Wanaka,0,NZ,2019-01-09,50,-44.7,169.14,13.79,2.31
Salobrena,0,ES,2019-01-09,45,36.74,-3.59,9.0,2.6
Hambantota,40,LK,2019-01-09,100,6.12,81.12,24.0,3.6
Saint-Joseph,0,FR,2019-01-09,36,43.56,6.97,7.0,6.2
Maniitsoq,68,GL,2019-01-09,100,65.42,-52.9,-9.11,3.46
Piacabucu,88,BR,2019-01-09,90,-10.41,-36.43,25.77,3.86
Sistranda,75,NO,2019-01-09,93,63.73,8.83,2.0,6.7
Andira,68,BR,2019-01-09,100,-0.74,-47.84,26.17,4.21
Siirt,12,TR,2019-01-09,95,37.93,41.94,-4.84,0.96
Pitkyaranta,88,RU,2019-01-09,92,61.57,31.48,-4.41,2.56
Porto Novo,0,BR,2019-01-09,63,-23.68,-45.44,30.59,1.91
Araceli,100,PH,2019-01-09,100,10.55,119.99,25.84,9.76
Dandong,80,CN,2019-01-09,70,40.12,124.37,-12.39,1.41
Gamboula,0,CF,2019-01-09,66,4.12,15.14,23.94,1.26
Yining,80,CN,2019-01-09,99,29.04,114.56,2.79,1.31
Port Moresby,0,PG,2019-01-09,98,-9.47,147.16,28.09,3.31
Walvis Bay,0,NA,2019-01-09,72,-22.95,14.51,20.0,7.2
Tual,56,ID,2019-01-09,100,-5.67,132.75,27.64,6.26
Altona,1,US,2019-01-09,59,41.11,-90.16,-4.4,8.2
Baruun-Urt,0,MN,2019-01-09,68,46.68,113.28,-19.74,3.71
Planos,90,GR,2019-01-09,67,37.82,20.85,14.0,5.7
Bandon,75,IE,2019-01-09,100,51.75,-8.74,9.0,1.5
Wellington,76,NZ,2019-01-09,82,-41.29,174.78,20.0,7.7
Oranjemund,20,ZA,2019-01-09,94,-28.55,16.43,17.67,3.01
Janesville,40,US,2019-01-09,55,42.68,-89.02,-6.0,8.86
Baiyin,40,CN,2019-01-09,71,36.55,104.13,-14.0,2.0
Tokur,64,RU,2019-01-09,55,53.13,132.9,-29.31,0.96
Shache,0,CN,2019-01-09,71,38.42,77.24,-11.99,0.86
Houma,8,CN,2019-01-09,90,35.63,111.36,-11.61,0.71
San Policarpo,8,PH,2019-01-09,94,12.18,125.51,25.62,7.81
Yingkou,44,CN,2019-01-09,69,40.67,122.24,-3.24,6.16
Kitab,80,UZ,2019-01-09,64,39.12,66.88,4.0,3.1
Tiznit,68,MA,2019-01-09,58,29.7,-9.73,15.79,1.81
Nastola,90,FI,2019-01-09,92,60.95,25.93,-6.0,4.6
Mossendjo,88,CG,2019-01-09,92,-2.95,12.72,22.79,1.01
Mendi,0,ET,2019-01-09,48,9.8,35.1,15.99,1.66
Nikel,0,NO,2019-01-09,84,69.41,30.21,-17.0,3.6
Yarmouth,20,GB,2019-01-09,80,50.71,-1.5,4.0,2.6
Pangkalanbuun,32,ID,2019-01-09,96,-2.68,111.62,23.74,1.26
Praia da Vitoria,40,PT,2019-01-09,82,38.73,-27.07,17.0,12.56
Calbuco,40,CL,2019-01-09,50,-41.77,-73.13,14.0,4.6
Sinor,0,IN,2019-01-09,69,21.91,73.34,14.84,2.56
Ust-Maya,32,RU,2019-01-09,84,60.42,134.54,-39.96,0.86
Dakar,0,SN,2019-01-09,39,14.69,-17.45,26.0,6.2
Mira,90,IT,2019-01-09,92,45.44,12.13,1.0,2.1
Yumen,8,CN,2019-01-09,74,40.29,97.04,-16.66,3.91
Dombarovskiy,0,RU,2019-01-09,67,50.76,59.54,-23.01,1.31
Robertsport,0,LR,2019-01-09,100,6.75,-11.37,28.39,4.21
Acajutla,20,SV,2019-01-09,42,13.59,-89.83,29.0,2.1
Ucluelet,90,CA,2019-01-09,87,48.94,-125.55,10.0,9.3
Nyurba,48,RU,2019-01-09,74,63.29,118.35,-24.11,1.21
Kedrovyy,40,RU,2019-01-09,63,56.17,91.82,-2.0,6.0
Rajec,90,SK,2019-01-09,100,49.09,18.64,-2.0,0.5
Tlmace,90,SK,2019-01-09,85,48.29,18.53,0.0,1.21
Yaan,0,NG,2019-01-09,46,7.38,8.57,29.12,1.51
Shizunai,56,JP,2019-01-09,95,42.33,142.37,-3.51,5.41
Portland,90,US,2019-01-09,73,45.52,-122.67,6.7,8.7
Atar,0,MR,2019-01-09,12,20.52,-13.05,28.0,5.1
Arlit,8,NE,2019-01-09,63,18.74,7.39,15.39,1.21
Macia,8,MZ,2019-01-09,87,-25.03,33.09,24.12,2.86
Le Port,0,FR,2019-01-09,45,42.87,1.37,-4.09,1.66
Dongsheng,88,CN,2019-01-09,99,29.72,112.52,2.02,3.56
Sampang,88,ID,2019-01-09,100,-7.54,109.46,26.24,1.21
Pathein,12,MM,2019-01-09,94,16.78,94.73,21.49,2.11
Gizo,40,IL,2019-01-09,87,31.8,34.94,10.0,2.6
Miraflores,36,CO,2019-01-09,84,5.2,-73.14,15.67,0.91
Huarmey,68,PE,2019-01-09,65,-10.07,-78.15,25.09,2.21
Evensk,0,RU,2019-01-09,100,61.92,159.24,-11.81,7.81
Zeya,0,RU,2019-01-09,70,53.74,127.27,-27.31,0.96
Davila,20,PH,2019-01-09,78,18.47,120.58,22.0,9.56
Znamenskoye,64,RU,2019-01-09,80,57.13,73.82,-13.11,4.56
Lichuan,36,CN,2019-01-09,84,30.3,108.94,-5.76,1.06
Magdagachi,0,RU,2019-01-09,62,53.45,125.8,-25.71,1.61
Mataram,88,ID,2019-01-09,97,-5.32,105.06,22.27,1.06
Itarema,64,BR,2019-01-09,97,-2.92,-39.92,25.89,2.31
Kaeo,24,NZ,2019-01-09,88,-35.1,173.78,15.37,1.26
Ciudad Bolivar,0,VE,2019-01-09,43,8.12,-63.55,32.84,6.41
Norman Wells,5,CA,2019-01-09,72,65.28,-126.83,-42.0,1.76
Patacamaya,24,BO,2019-01-09,43,-17.23,-67.92,18.74,1.36
Atambua,12,ID,2019-01-09,99,-9.11,124.89,26.69,2.06
Kirovskiy,0,RU,2019-01-09,50,45.09,133.51,-19.74,1.96
Digri,0,PK,2019-01-09,84,25.16,69.11,11.99,1.21
Novyye Burasy,90,RU,2019-01-09,92,52.13,46.08,-9.0,3.0
Socuellamos,0,ES,2019-01-09,92,39.29,-2.79,3.17,3.31
Ladario,0,PT,2019-01-09,90,40.7,-7.74,3.74,1.21
Bratsk,24,RU,2019-01-09,57,56.15,101.63,-8.0,5.0
Preobrazheniye,0,RU,2019-01-09,50,42.9,133.91,-7.64,2.21
Isangel,88,VU,2019-01-09,100,-19.55,169.27,23.92,5.66
Lugovoy,0,RU,2019-01-09,69,59.72,65.88,-23.11,1.96
Kharitonovo,88,RU,2019-01-09,89,61.4,47.5,-6.36,1.41
Abalak,0,NE,2019-01-09,26,15.46,6.28,20.04,2.86
Ushirombo,68,TZ,2019-01-09,89,-3.47,31.9,20.19,1.86
Vestmannaeyjar,90,IS,2019-01-09,100,63.44,-20.27,8.0,12.9
Rexburg,1,US,2019-01-09,62,43.82,-111.79,4.4,2.1
Port Blair,8,IN,2019-01-09,98,11.67,92.75,28.37,5.61
Gimli,0,CA,2019-01-09,86,50.63,-96.99,-15.16,3.86
Lekoni,36,GA,2019-01-09,95,-1.58,14.26,21.54,1.81
Tateyama,0,JP,2019-01-09,100,36.66,137.31,-15.36,0.76
Taltal,0,CL,2019-01-09,66,-25.41,-70.49,20.12,2.26
Orsha,68,BY,2019-01-09,79,54.51,30.43,-11.96,3.11
Iwaki,0,JP,2019-01-09,100,37.05,140.89,2.59,5.11
Acapulco,5,MX,2019-01-09,58,16.86,-99.88,29.0,4.1
Abha,0,SA,2019-01-09,93,18.22,42.5,14.0,1.5
Cutervo,44,PE,2019-01-09,64,-6.38,-78.82,16.79,1.06
Gondanglegi,68,ID,2019-01-09,94,-7.75,112.01,22.89,1.06
Gushikawa,75,JP,2019-01-09,68,26.35,127.87,19.0,1.5
Aurora,90,US,2019-01-09,64,41.76,-88.32,-5.7,6.7
Tovuz,40,AZ,2019-01-09,69,41.0,45.62,4.0,7.2
Ancud,40,CL,2019-01-09,54,-41.87,-73.83,13.0,3.1
Petropavlovsk-Kamchatskiy,0,RU,2019-01-09,61,53.05,158.65,-9.0,3.0
Sur,0,OM,2019-01-09,100,22.57,59.53,21.92,4.46
Betare Oya,0,CM,2019-01-09,31,5.6,14.08,27.44,3.41
Point Pedro,0,LK,2019-01-09,98,9.82,80.23,25.27,6.11
Qandala,36,SO,2019-01-09,100,11.47,49.87,18.14,1.06
Dingzhou,0,CN,2019-01-09,61,38.51,115.0,-9.0,1.0
Seymchan,68,RU,2019-01-09,82,62.93,152.39,-28.81,1.21
Meulaboh,92,ID,2019-01-09,100,4.14,96.13,26.59,1.41
Sinnamary,92,GF,2019-01-09,100,5.38,-52.96,24.24,4.16
Jalu,48,LY,2019-01-09,57,29.03,21.55,11.12,3.56
Maraa,64,BR,2019-01-09,81,-1.83,-65.37,28.49,1.41
Huaraz,68,PE,2019-01-09,99,-9.53,-77.53,8.62,0.76
Celestun,0,MX,2019-01-09,95,20.87,-90.4,24.29,8.01
Kosonsoy,0,UZ,2019-01-09,86,41.25,71.55,1.0,2.1
Vilhena,75,BR,2019-01-09,74,-12.74,-60.15,27.0,3.6
Paramonga,44,PE,2019-01-09,98,-10.68,-77.82,22.77,4.96
Port-Gentil,40,GA,2019-01-09,83,-0.72,8.78,28.0,3.6
Havelock,1,US,2019-01-09,28,34.88,-76.9,13.9,8.2
Makat,88,KZ,2019-01-09,92,47.65,53.35,-7.09,5.26
Kurmanayevka,48,RU,2019-01-09,73,52.51,52.07,-19.21,1.31
Sabya,76,YE,2019-01-09,81,16.19,43.1,22.74,1.41
Saint Anthony,1,US,2019-01-09,62,43.97,-111.68,4.4,2.1
Erzin,0,TR,2019-01-09,94,36.95,36.2,7.0,1.5
Banda Aceh,64,ID,2019-01-09,99,5.56,95.32,23.89,1.51
Nador,0,MA,2019-01-09,51,35.17,-2.93,16.0,5.1
Samfya,64,ZM,2019-01-09,96,-11.37,29.56,19.99,1.66
La Rioja,20,AR,2019-01-09,51,-29.41,-66.86,32.12,2.66
Fort Nelson,75,CA,2019-01-09,75,58.81,-122.69,-28.0,0.51
Northam,0,GB,2019-01-09,100,51.04,-4.21,3.0,1.5
Pacific Grove,75,US,2019-01-09,90,36.62,-121.92,15.0,2.6
Sangar,0,RU,2019-01-09,0,63.92,127.47,-43.26,0.76
Beringovskiy,8,RU,2019-01-09,81,63.05,179.32,-4.36,4.36
Lakes Entrance,0,AU,2019-01-09,100,-37.88,147.99,14.54,1.76
Maasim,68,PH,2019-01-09,95,5.86,125.0,24.19,0.61
Kholmogory,90,RU,2019-01-09,92,64.23,41.65,-9.0,1.0
Aginskoye,0,RU,2019-01-09,45,51.11,114.54,-19.21,2.21
Capalnita,8,RO,2019-01-09,75,46.37,25.52,-11.46,0.76
Talakan,68,RU,2019-01-09,57,50.29,130.28,-21.39,1.41
Amurzet,0,CN,2019-01-09,77,47.69,131.09,-16.59,4.56
Kathu,0,ZA,2019-01-09,18,-27.7,23.05,28.89,6.01
Raudeberg,75,NO,2019-01-09,80,61.99,5.14,2.0,3.6
Hami,80,CN,2019-01-09,68,42.84,93.51,-11.76,1.31
Comodoro Rivadavia,40,AR,2019-01-09,41,-45.87,-67.48,16.0,3.1
Wanning,75,AT,2019-01-09,96,48.64,13.53,0.0,8.2
Longyearbyen,75,NO,2019-01-09,67,78.22,15.63,-8.0,2.6
Morant Bay,20,JM,2019-01-09,58,17.88,-76.41,28.0,3.1
Hamilton,90,BM,2019-01-09,64,32.3,-64.78,21.0,13.4
Neiafu,75,TO,2019-01-09,100,-18.65,-173.98,27.0,2.6
Pijijiapan,0,MX,2019-01-09,54,15.69,-93.21,28.39,0.46
Muli,0,IN,2019-01-09,67,22.62,71.45,12.54,1.91
Okitipupa,0,NG,2019-01-09,34,6.5,4.78,29.67,1.21
Masallatah,20,LY,2019-01-09,45,32.62,14.0,10.62,5.16
Hovd,75,NO,2019-01-09,86,63.83,10.7,2.0,5.1
Akureyri,44,IS,2019-01-09,93,65.68,-18.09,3.44,7.46
Greenwood,90,US,2019-01-09,30,32.03,-101.9,11.5,5.7
San Francisco,75,US,2019-01-09,93,37.78,-122.42,16.1,6.7
Bloomington,40,US,2019-01-09,54,40.47,-88.99,-3.0,5.1
Oerlinghausen,90,DE,2019-01-09,74,51.96,8.66,3.0,4.1
Hailey,90,US,2019-01-09,69,43.52,-114.32,2.0,3.1
Poyarkovo,76,RU,2019-01-09,80,49.62,128.65,-13.16,4.21
Newnan,1,US,2019-01-09,27,33.38,-84.8,12.2,8.7
Magaramkent,92,AZ,2019-01-09,100,41.62,48.35,0.94,2.96
Tyup,32,KG,2019-01-09,80,42.73,78.36,-17.49,1.06
Rundu,8,NA,2019-01-09,34,-17.91,19.77,28.44,2.31
Provideniya,76,RU,2019-01-09,100,64.42,-173.23,-14.14,12.31
Port Hueneme,40,US,2019-01-09,80,34.15,-119.2,14.4,2.31
Kieta,64,PG,2019-01-09,100,-6.22,155.63,25.19,1.21
Sao Jose da Coroa Grande,56,BR,2019-01-09,84,-8.9,-35.15,27.59,4.41
Magadan,88,RU,2019-01-09,100,59.56,150.8,-10.91,10.26
Aklavik,20,CA,2019-01-09,65,68.22,-135.01,-36.0,1.0
General Roca,75,AR,2019-01-09,50,-39.03,-67.58,14.0,5.7
Albury,0,AU,2019-01-09,71,-36.08,146.92,14.0,1.11
Rio Grande,75,BR,2019-01-09,83,-32.03,-52.1,25.0,3.1
Cuamba,88,MZ,2019-01-09,98,-14.8,36.54,22.52,1.31
Yar-Sale,48,RU,2019-01-09,83,66.83,70.83,-25.26,6.91
Kiruna,8,SE,2019-01-09,85,67.86,20.23,-12.0,4.1
Bulungu,12,CD,2019-01-09,90,-4.54,18.6,23.39,1.71
Kyren,0,RU,2019-01-09,43,51.68,102.13,-27.61,1.06
Kamenka,76,RU,2019-01-09,82,53.19,44.05,-12.41,1.41
Fukue,20,JP,2019-01-09,59,35.03,136.69,1.0,2.1
Visnes,20,NO,2019-01-09,74,59.36,5.22,2.0,1.5
Kumbo,0,CM,2019-01-09,42,6.21,10.69,23.09,1.41
Emerald,90,AU,2019-01-09,88,-23.53,148.16,24.0,4.6
Mango,0,IT,2019-01-09,19,44.69,8.15,10.0,11.8
San Rafael,76,AR,2019-01-09,34,-34.61,-68.33,25.39,2.31
Nha Trang,75,VN,2019-01-09,100,12.24,109.19,25.0,1.5
Ullapool,92,GB,2019-01-09,100,57.9,-5.16,5.99,6.46
Okhotsk,0,RU,2019-01-09,100,59.36,143.24,-24.66,3.76
Dunedin,20,NZ,2019-01-09,89,-45.87,170.5,10.04,1.31
Sola,75,NO,2019-01-09,100,58.89,5.65,2.0,2.1
Roald,40,NO,2019-01-09,100,62.58,6.12,3.0,5.1
Dongli,75,CN,2019-01-09,82,24.18,117.61,16.0,3.41
Ayan,0,TR,2019-01-09,45,40.67,33.6,-20.09,1.21
